candidate,topic,live,verdict,subtype,cycle,stale,dead_link,original_url,attribution,ext_site,match,occurrences,cycles_seen,id,source_url,quote
Adam Arafat,abortion,True,SURVEY_ORIGINAL,,2026,False,False,,,https://www.arafatforcongress.org,full,1,[2026],e0d3662c-f585-4540-8bf5-3ba93e1f062f,https://ballotpedia.org/Adam_Arafat,"I'll fight price gouging, defend reproductive freedom and voting rights, and make sure corporations finally pay their fair share."
Adam Arafat,campaign-finance,True,SURVEY_ORIGINAL,,2026,False,False,,,https://www.arafatforcongress.org,full,1,[2026],30704d18-7667-4d78-8520-b1c40e383636,https://ballotpedia.org/Adam_Arafat,I don't take corporate or PAC money. I answer to voters.
Adam Arafat,climate-change,True,SURVEY_ORIGINAL,,2026,False,False,,,https://www.arafatforcongress.org,full+container,1,[2026],91db1299-b286-4ccf-9e76-2472e450d9d7,https://ballotpedia.org/Adam_Arafat,"Lowering the cost of living, universal healthcare, affordable housing, climate action, mental health care, fair taxation, reproductive rights, voting rights, and ending special interest control of politics."
Adam Arafat,healthcare,True,SURVEY_ORIGINAL,,2026,False,False,,,https://www.arafatforcongress.org,full,1,[2026],012f4f8e-ab3f-47d9-84d5-8bfec4f75f29,https://ballotpedia.org/Adam_Arafat,"I believe healthcare should be a right, housing should be affordable, and clean energy jobs should strengthen our communities."
Adam Arafat,taxes,True,SURVEY_ORIGINAL,,2026,False,False,,,https://www.arafatforcongress.org,full,1,[2026],34474e91-cd3b-4969-ae96-c1d0a4d5a26c,https://ballotpedia.org/Adam_Arafat,"Universal healthcare, lower drug prices, accessible mental health care, and fair taxation that ensures corporations fulfill their financial obligations are essential."
Adam D. Austill,ai-regulation,False,SURVEY_ORIGINAL,,2026,False,False,,,,full,1,[2026],d860e425-7624-4c4f-8db5-face06ae9121,https://ballotpedia.org/Adam_Austill,"We need firm boundaries and restrictions on every aspect of artificial intelligence, not limited to: AI powered surveillance of citizens locations for data centers resources allocated to data centers the type and extent of data allowed to be collected AI in the work place (enhancement not replacement)"
Adam D. Austill,campaign-finance,True,SURVEY_ORIGINAL,,2026,False,False,,,,full,1,[2026],eb1edccc-fb07-4e57-abb7-0031d285b94d,https://ballotpedia.org/Adam_Austill,"We must limit the ability of money to purchase power in Congress. To move this nation towards a less corrupt Congress, I propose: funding elections with public money (as long as private money is allowed to flow through politics, the golden rule will remain, ""He who has the gold makes the rule"")"
Adam Murphy,climate-change,True,SURVEY_ORIGINAL,,2026,False,False,,,https://www.murphy4va.com,full,1,[2026],ca7be2ea-c295-4d50-ac97-e5e74f3fbd8b,https://ballotpedia.org/Adam_Murphy_(Virginia),"Climate change [is] always #1, every other problem on Earth is exasperated by climate change"
Amy Roma,housing,True,NOT_ON_PAGE,ABSENT,,,,,,,none,,,6d0644e8-ee65-495f-8196-b2fda618f969,https://ballotpedia.org/Amy_Roma,Bringing down costs through smarter investment and zoning reform.
Amy Roma,medicare/aid,True,NOT_ON_PAGE,ABSENT,,,,,,,none,,,5c011707-ab08-4a61-b956-650451b7c930,https://ballotpedia.org/Amy_Roma,"Committed to protecting Medicare, Medicaid, and home- and community-based services."
Andres Valleza,trans-athletes,True,SURVEY_ORIGINAL,,2026,False,False,,,,full,1,[2026],c7e6d580-d61f-49c7-9fc4-8a13fcd3c8c0,https://ballotpedia.org/Andres_Valleza,Ensuring a fair playing field and safe locker rooms for women and girls.
Andres Valleza,voting-rights,True,NOT_ON_PAGE,ABSENT,,,,,,,none,,,0b052988-aab2-4459-8ac1-1d30225efe81,https://ballotpedia.org/Andres_Valleza,"I would like to see a shift back to in-person voting, to me that builds community... It was peaceful and well attended."
Angie Windhauser,abortion,True,SURVEY_ORIGINAL,,2022,True,False,,,https://windhauserforcongress.com/,full,1,[2022],8298c68d-4930-4bf7-9a49-c50d78c9f61f,https://ballotpedia.org/Angela_Marie_Walls-Windhauser,Unborn and born Life is Precious
Anna Golladay,healthcare,True,SURVEY_ORIGINAL,,2026,False,False,,,https://annagolladay.com/,full,1,[2026],91854857-dd19-400a-9707-a0b2aa0e519f,https://ballotpedia.org/Anna_Golladay,"I believe healthcare is a human right -- not a privilege reserved for those who can afford it. Every person deserves access to affordable, quality care without fear of bankruptcy."
Antony Barran,housing,True,CAMPAIGN_SITE,,2026,False,False,,"Antony Barran's campaign website (November 12, 2025)",https://www.barranforcongress.com/,prefix60,1,[2026],5ac090ef-2b67-4825-b4ec-da157b06dbae,https://ballotpedia.org/Antony_Barran,Incentivize duplex and triplex construction in Opportunity Zones for first-time buyers... Cut permitting red tape to lower the cost of new housing.
Antony Barran,immigration,True,CAMPAIGN_SITE,,2026,False,False,,"Antony Barran's campaign website (November 12, 2025)",https://www.barranforcongress.com/,full,1,[2026],41e5a98f-95b4-48ec-b304-a0938573f8ac,https://ballotpedia.org/Antony_Barran,"Secure the border with effective enforcement and modern technology. End loopholes that encourage illegal immigration. Create a rational, legal immigration process aligned with American values."
Antony Barran,medicare/aid,True,CAMPAIGN_SITE,,2026,False,False,,"Antony Barran's campaign website (November 12, 2025)",https://www.barranforcongress.com/,full,1,[2026],8b2e5399-abb3-4ca6-945e-1538c8653b58,https://ballotpedia.org/Antony_Barran,Protect Medicare and Social Security from cuts while reforming inefficiencies.
Antony Barran,school-vouchers,True,CAMPAIGN_SITE,,2026,False,False,,"Antony Barran's campaign website (November 12, 2025)",https://www.barranforcongress.com/,prefix60,1,[2026],51ec4923-13ed-4279-a635-c13884fed257,https://ballotpedia.org/Antony_Barran,Protect parental rights in education and curriculum transparency... Support school choice and local control.
Antony Barran,social-security,True,CAMPAIGN_SITE,,2026,False,False,,"Antony Barran's campaign website (November 12, 2025)",https://www.barranforcongress.com/,full,1,[2026],7a3620e7-3113-476c-ae9d-404e0945a0e2,https://ballotpedia.org/Antony_Barran,Protect Medicare and Social Security from cuts while reforming inefficiencies.
Antony Barran,taxes,True,CAMPAIGN_SITE,,2026,False,False,,"Antony Barran's campaign website (November 12, 2025)",https://www.barranforcongress.com/,prefix60,1,[2026],64ce0ccb-18b7-4a07-afcc-94a038dd4c75,https://ballotpedia.org/Antony_Barran,Oppose new taxes that burden working families and small businesses. Create tax incentives for startups and family-owned businesses.
Bajun R. Mavalwalla,ukraine-support,True,SURVEY_ORIGINAL,,2026,False,False,,,https://www.votebajun.com/,full+container,1,[2026],57b2e540-5afa-4689-be45-250d21812605,https://ballotpedia.org/Bajun_Mavalwalla,"We have 40,000 Ukrainians in our district and our representative seems fine with handing over 20% of Ukraine to Putin."
Bill Conlin,healthcare,True,NOT_ON_PAGE,ABSENT,,,,,,,none,,,0030aa95-85a0-4b7e-b3c8-ae7d49f44f60,https://ballotpedia.org/Bill_Conlin,"Calling upon the New Hampshire congressional delegation to support a national, universal health insurance program."
Brent Hennrich,climate-change,True,SURVEY_ORIGINAL,,2022,True,False,,,https://brenthennrich.com/,full,1,[2022],0e979df4-ace8-41bd-9005-63dae185aa8a,https://ballotpedia.org/Brent_Hennrich,The Environment is in crisis. We need to do all we can to combat climate change and change its trajectory
Brent Hennrich,healthcare,True,SURVEY_ORIGINAL,,2022,True,False,,,https://brenthennrich.com/,full+container,1,[2022],1da2ba2d-1f14-47b8-b0e6-254fd2447ca5,https://ballotpedia.org/Brent_Hennrich,"we pushed healthcare access to more, and removed the pay walls currently in the system"
Brinker Harding,deportation,True,CAMPAIGN_SITE,,2026,False,False,,"Brinker Harding's campaign website (April 28, 2026)",https://www.brinkerharding.com/,full,1,[2026],2cfcc74a-3bfc-4eef-b5f4-7a607a1dee53,https://ballotpedia.org/Brinker_Harding,"In Congress, I will fight to keep our border secure, deport criminal illegal immigrants, rebuild our military to restore peace through strength, hold criminals accountable, and stand with law enforcement to keep our communities safe."
Brinker Harding,fossil-fuels,True,CAMPAIGN_SITE,,2026,False,False,,"Brinker Harding's campaign website (April 28, 2026)",https://www.brinkerharding.com/,full,1,[2026],0ce25b4e-9ad5-4027-a330-e50f77b7ff77,https://ballotpedia.org/Brinker_Harding,expand American energy production to reduce our dependence on foreign countries
Brinker Harding,taxes,True,CAMPAIGN_SITE,,2026,False,False,,"Brinker Harding's campaign website (April 28, 2026)",https://www.brinkerharding.com/,full,1,[2026],e537d8b1-b75c-4908-aba5-236ca8e345db,https://ballotpedia.org/Brinker_Harding,"In Congress, I will fight to cut your taxes, bring down gas & grocery prices, lower interest rates, create good-paying jobs, repatriate critical supply chains, expand American energy production to reduce our dependence on foreign countries, and ensure America is the global leader for emerging technologies like cryptocurrency and artificial intelligence, not our adversaries like China."
Bryce Nickel,housing,True,SURVEY_ORIGINAL,,2026,False,False,,,,full,1,[2026],9c9f425a-1302-4fbe-a5cd-64b926d87234,https://ballotpedia.org/Bryce_Nickel,"We must launch a massive, federal investment in large-scale public housing and community land trusts to build millions of affordable homes."
Bryce Nickel,taxes,True,SURVEY_ORIGINAL,,2026,False,False,,,,full+container,1,[2026],274ed394-9b23-4d08-8eb7-4bc729f9269e,https://ballotpedia.org/Bryce_Nickel,we must directly confront extreme wealth inequality by instituting a federal wealth tax on billionaires and closing the loopholes that allow giant corporations to avoid paying their fair share.
Carleigh Beriont,ai-regulation,True,SURVEY_ORIGINAL,,2026,False,False,,,https://www.carleighberiont.com/,full,1,[2026],34096524-63cc-4423-b9b0-8d9259484e1b,https://ballotpedia.org/Carleigh_Beriont,pass real AI regulation and privacy protections
Carleigh Beriont,childcare,True,SURVEY_ORIGINAL,,2026,False,False,,,https://www.carleighberiont.com/,full,1,[2026],e0201c4d-4b31-49f7-8bb9-059fbb7cdbcc,https://ballotpedia.org/Carleigh_Beriont,cap childcare at 7% of family income
Carleigh Beriont,civil-rights,True,SURVEY_ORIGINAL,,2026,False,False,,,https://www.carleighberiont.com/,full,1,[2026],0081df4b-efc6-4f42-b009-2104a8ef85ea,https://ballotpedia.org/Carleigh_Beriont,"On reproductive freedom, LGBTQ+ rights, and racial justice, there is no middle of the road."
Carleigh Beriont,medicare/aid,True,SURVEY_ORIGINAL,,2026,False,False,,,https://www.carleighberiont.com/,full,1,[2026],6331623f-ba3b-4590-852e-218e3b18341a,https://ballotpedia.org/Carleigh_Beriont,pass Medicare for All
Carmela Conroy,abortion,True,SURVEY_ORIGINAL,,2024,True,False,,,https://conroy4congress.com,full,1,[2024],aba78b06-9680-4310-80fc-06dd10bb2063,https://ballotpedia.org/Carmela_Conroy,"Our next Representative will either vote for a total nationwide abortion ban, or fight to codify our basic human rights. Carmela treasures freedom from government interference, and will fight for it."
Carmela Conroy,healthcare,True,SURVEY_ORIGINAL,,2024,True,False,,,https://conroy4congress.com,full,1,[2024],eb93d06e-9d0d-4212-91ce-006aef6cfedd,https://ballotpedia.org/Carmela_Conroy,"Carmela will negotiate to address costs across our district, including universal access to health care, building out rural broadband, and keeping public funds in public schools."
Carmela Conroy,ukraine-support,True,SURVEY_ORIGINAL,,2024,True,False,,,https://conroy4congress.com,prefix60,1,[2024],ef5f424c-647d-4d71-b4e5-af0ba8ac7f91,https://ballotpedia.org/Carmela_Conroy,Congressional partisan extremists fight for the sake of fighting... our partners in Israel and Ukraine lack the means to defend themselves.
Carrie Ann Iacomini,healthcare,True,SURVEY_ORIGINAL,,2026,False,False,,,https://iacominiforcongress.com,full,1,[2026],fdea3c6a-6826-4f84-b280-ceb7a250a8a8,https://ballotpedia.org/Carrie_Iacomini,"I believe that healthcare is a human right. Reform is not enough; we deserve universal healthcare. When we are healthier and free of medical debt, and barriers to accessing healthcare are eliminated, our economy grows."
Carrie Ann Iacomini,taxes,False,SURVEY_ORIGINAL,,2026,False,False,,,https://iacominiforcongress.com,full,1,[2026],c983490c-9446-4f49-b079-bff5738285ce,https://ballotpedia.org/Carrie_Iacomini,Not cutting taxes for billionaires who spend extravagant amounts of money on vanity projects.
Cassie Easley,taxes,True,SURVEY_ORIGINAL,,2024,True,False,,,https://cassieforcongress.com/,full+container,1,[2024],116c6296-26a7-4ad6-a291-b9def0a4e69e,https://ballotpedia.org/Cassie_Easley,Anything that falls outside of the Constitutional boundaries should not be funded.
Catherine Hildebrand,fossil-fuels,True,SURVEY_ORIGINAL,,2026,False,False,,,https://hildebrandforcongress.com,prefix90,1,[2026],355f247b-c799-4ece-bc0a-dc4d9b91b9a9,https://ballotpedia.org/Catherine_Hildebrand,"This administration is closing down national parks and auctioning off public lands to the highest bidder. These private entities are looking [to] monetize resources, destroy forests, control the flow of water, poison the land in search of oil and minerals, all for financial gain. We need to protect public lands and keep them pristine."
Catherine Hildebrand,taxes,True,SURVEY_ORIGINAL,,2026,False,False,,,https://hildebrandforcongress.com,full,1,[2026],0d531908-5714-4701-a1a3-a1e9eddad4b7,https://ballotpedia.org/Catherine_Hildebrand,"We need progressive taxes on wealthy individuals and large corporations, with fewer exemptions, to fund social programs like healthcare, education, transportation infrastructure, and clean, reliable energy."
Charlotte Bergmann,deportation,True,CAMPAIGN_SITE,,2026,False,False,,"Charlotte Bergmann's campaign website (June 29, 2026)",https://electbergmann.com,full,1,[2026],0e5e8277-3760-480a-b049-5af37bb268be,https://ballotpedia.org/Charlotte_Bergmann,"We will carry out mass deportations of those here illegally, end birthright citizenship for children of illegal immigrants, aggressively remove visa overstayers, and shut down the corporate abuse of the H-1B visa program."
Charlotte Bergmann,immigration,True,CAMPAIGN_SITE,,2026,False,False,,"Charlotte Bergmann's campaign website (June 29, 2026)",https://electbergmann.com,full,1,[2026],c0dec828-de12-4914-b3f8-9edbe9855448,https://ballotpedia.org/Charlotte_Bergmann,Legal immigration only. Through the front door only.
Charlotte Bergmann,school-vouchers,True,CAMPAIGN_SITE,,2026,False,False,,"Charlotte Bergmann's campaign website (June 29, 2026)",https://electbergmann.com,full,1,[2026],72ec15d4-3a95-4a3d-b2c2-3bf9617d687c,https://ballotpedia.org/Charlotte_Bergmann,"Parents have the absolute right to choose their child's education whether public, private, charter, or homeschool."
Charlotte Bergmann,tariffs,True,CAMPAIGN_SITE,,2026,False,False,,"Charlotte Bergmann's campaign website (June 29, 2026)",https://electbergmann.com,full,1,[2026],fec54ea4-c5d6-4eda-a6ec-fcfe36837529,https://ballotpedia.org/Charlotte_Bergmann,"We will bring manufacturing jobs back from China with crushing tariffs and unleash American energy production so that ""drill baby drill"" becomes reality again."
Charlotte Bergmann,taxes,True,CAMPAIGN_SITE,,2026,False,False,,"Charlotte Bergmann's campaign website (June 29, 2026)",https://electbergmann.com,full,1,[2026],31f0c57f-d41d-48c1-afca-af9b1cd15ab2,https://ballotpedia.org/Charlotte_Bergmann,"We will cut trillions in wasteful spending, eliminate job-killing regulations, and dramatically lower taxes on American workers."
Charlotte Bergmann,voting-rights,True,CAMPAIGN_SITE,,2026,False,False,,"Charlotte Bergmann's campaign website (June 29, 2026)",https://electbergmann.com,full,1,[2026],a1e61d22-da53-4dc8-b55e-7f40d3683922,https://ballotpedia.org/Charlotte_Bergmann,"The Save America Act requires proof of citizenship to vote, mandates voter ID, and cleans up our voter rolls."
Christopher B. Monday,healthcare,True,SURVEY_ORIGINAL,,2018,True,False,,,,full,1,[2018],464787a3-1c98-4cd3-a653-b86791c4724e,https://ballotpedia.org/Christopher_B._Monday,"I want to see a free-mar healthcare system, government should keep out of it."
Christopher B. Monday,immigration,True,SURVEY_ORIGINAL,,2026,False,False,,,,full,1,[2026],bccd1780-be6c-4692-b97f-2666a3d99ee9,https://ballotpedia.org/Christopher_B._Monday,I want a system that would encourage immigrants to come here legally. The reason many come here illegally is because it's actually easier to cross illegally than it is to obtain legal citizenship. I don't have the perfect solution but it shouldn't be as difficult to become a citizen of the United States.
Civil Miller-Watkins,abortion,True,CAMPAIGN_SITE,,2024,True,False,https://www.civilforsenate.com/homepage,,http://www.civil4tn.com,full,1,[2024],664893db-b211-4532-a515-d65d6ac32320,https://ballotpedia.org/Civil_Miller-Watkins,A Woman's Right to Choose
Civil Miller-Watkins,immigration,True,CAMPAIGN_SITE,,2024,True,False,https://www.civilforsenate.com/homepage,,http://www.civil4tn.com,full,1,[2024],686e0971-0a9f-4c96-8b09-810b35b583d5,https://ballotpedia.org/Civil_Miller-Watkins,Border Protection with Humanity
Civil Miller-Watkins,school-vouchers,True,CAMPAIGN_SITE,,2024,True,False,https://www.civilforsenate.com/homepage,,http://www.civil4tn.com,full,1,[2024],eb013cf5-7b45-4896-85eb-b4403b7d81e3,https://ballotpedia.org/Civil_Miller-Watkins,Public Schools a First-Best-Choice
Cliff Huffman,healthcare,True,SURVEY_ORIGINAL,,2026,False,False,,,,full,1,[2026],4a5a6e7c-f7eb-4916-ad00-fcb09cb5a9f9,https://ballotpedia.org/Cliff_Huffman,"We need to expand SNAP benefits so that no one in need is neglected, and we need Medicare for all."
Cliff Johnson,medicare/aid,True,SURVEY_ORIGINAL,,2026,False,False,,,https://www.cliffjohnsonforcongress.com/,full+container,1,[2026],87e70a51-f1c8-44e6-b031-fdf77d3b6867,https://ballotpedia.org/Cliff_Johnson_(Mississippi),tens of thousands of Mississippians who have insurance through Medicaid and the Affordable Care Act are about to lose coverage
Cliff Johnson,taxes,False,SURVEY_ORIGINAL,,2026,False,False,,,https://www.cliffjohnsonforcongress.com/,full,1,[2026],f51f88f3-f01a-4573-9e42-048b5fa2992f,https://ballotpedia.org/Cliff_Johnson_(Mississippi),tax cuts to the super-rich and making sure corporations continue to enjoy record profits
Curtis Goodwin,taxes,True,SURVEY_ORIGINAL,,2026,False,False,,,,full,1,[2026],569ee796-8dfe-4416-9b20-ed366fe52b49,https://ballotpedia.org/Curtis_Goodwin,Fiscal Responsibility: Washington doesn't have a revenue problem -- it has a spending problem.
Daniel Cottam,housing,True,SURVEY_ORIGINAL,,2024,True,False,,,https://www.bmiut.com/daniel-cottam-md-bariatric-surgeon-bariatric-surgeon-utah.html,full+container,1,[2024],5626fdca-3b03-435b-8cd9-9ad6020a0cd1,https://ballotpedia.org/Daniel_Cottam#Campaign_themes,Until we accept the fact that the only way to solve the housing crisis is higher density we will continue to have relatively unaffordable housing.
Daniel Cottam,medicare/aid,True,SURVEY_ORIGINAL,,2024,True,False,,,https://www.bmiut.com/daniel-cottam-md-bariatric-surgeon-bariatric-surgeon-utah.html,full,1,[2024],741fd8a5-2bcc-4207-aac1-8964b69dbfc6,https://ballotpedia.org/Daniel_Cottam#Campaign_themes,I would also make it easier to opt out of Medicare and stay on employer health policies further saving taxpayer funds.
Daniel Cottam,social-security,True,SURVEY_ORIGINAL,,2024,True,False,,,https://www.bmiut.com/daniel-cottam-md-bariatric-surgeon-bariatric-surgeon-utah.html,full,1,[2024],58b78fa7-a2de-4035-be9e-0db3c60dd33c,https://ballotpedia.org/Daniel_Cottam#Campaign_themes,"Since social security will not meet its obligations by 2033, we need to raise the retirement age by at least 3 years across the board with a gradual phase in."
Daniel Cottam,tariffs,True,SURVEY_ORIGINAL,,2024,True,False,,,https://www.bmiut.com/daniel-cottam-md-bariatric-surgeon-bariatric-surgeon-utah.html,full+container,1,[2024],8bc47302-cce9-495d-ba17-7b491dde89df,https://ballotpedia.org/Daniel_Cottam#Campaign_themes,"Additionally, the writing of Don Boudreaux on trade policy is extremely insightful into how I would legislate on trade."
Daniel Cottam,taxes,True,SURVEY_ORIGINAL,,2024,True,False,,,https://www.bmiut.com/daniel-cottam-md-bariatric-surgeon-bariatric-surgeon-utah.html,full,1,[2024],3a92b93e-607f-4962-be96-75b200530e80,https://ballotpedia.org/Daniel_Cottam#Campaign_themes,I pledge to the voters of the first district to never vote for a budget deficit.
Daniel Sayre,civil-rights,True,SURVEY_ORIGINAL,,2022,True,False,,,,full+container,1,[2022],b49c6954-53b4-4a4b-970c-79a1d412429d,https://ballotpedia.org/Daniel_Sayre,"ensuring that access to education, economic opportunity, and all civil rights are not infringed based on a person's racial, ethnic, religious, gender or sexual identity"
Daniel Sayre,climate-change,True,SURVEY_ORIGINAL,,2022,True,False,,,,full+container,1,[2022],c9a3b152-7257-49a5-a81c-a3168a556eea,https://ballotpedia.org/Daniel_Sayre,doing all we can at the state level to address the immediate threat of climate change through strategies to curb future carbon emissions
Daniel Sayre,housing,True,SURVEY_ORIGINAL,,2022,True,False,,,,full,1,[2022],7963fe92-d7f8-440c-aba3-381255e31665,https://ballotpedia.org/Daniel_Sayre,"removing some restrictions on Accessory Dwelling Units, controlling the proliferation of short-term rentals, and working with builders and developers to find ways to make new home development more cost-efficient"
Daniel Sayre,redistricting,True,SURVEY_ORIGINAL,,2022,True,False,,,,full+container,1,[2022],f806d24c-b4b0-47e6-92e2-b35c16e4aca0,https://ballotpedia.org/Daniel_Sayre,Maine puts redistricting in the hands of an evenly balanced bi-partisan commission and that's the right way to do it.
David R. Ambrose II,abortion,True,CAMPAIGN_SITE,,2024,True,False,,,,full,1,[2024],e7906b6e-bfa4-45bf-8b36-ef23b3a6baa7,https://ballotpedia.org/David_Ambrose,See 10th amendment. Stop funding fraudulent federal social programs without constitutional grounds. Establish policies at state levels. Abortion in murder.
David R. Ambrose II,deportation,True,CAMPAIGN_SITE,,2024,True,False,,,,full,1,[2024],6689a63a-c02d-453a-986e-e5c3347ca206,https://ballotpedia.org/David_Ambrose,A hard-core crackcrackdown and national deportation operation along with a declaration of war against Mexico. While updating the legal means of immigration.
David R. Ambrose II,fossil-fuels,True,CAMPAIGN_SITE,,2024,True,False,,,,full,1,[2024],8080b660-6638-4701-a337-c232c13bc007,https://ballotpedia.org/David_Ambrose,Our delegation should advocate an all of the above energy policy at a federal level while planning on flooding the oil economy for the next 10 years outrunning the problem.
David R. Ambrose II,healthcare,True,CAMPAIGN_SITE,,2024,True,False,,,,full,1,[2024],0028fe17-3312-45ed-bb99-0f6fa00d858e,https://ballotpedia.org/David_Ambrose,Not on any social program at all whatsoever. Social programs should be handled by the states in accordance with the 10th amendment.
David R. Ambrose II,immigration,True,CAMPAIGN_SITE,,2024,True,False,,,,full,1,[2024],3ee3cf1f-be1b-4844-9ed8-dea60bb461aa,https://ballotpedia.org/David_Ambrose,A hard-core crackcrackdown and national deportation operation along with a declaration of war against Mexico. While updating the legal means of immigration.
David R. Ambrose II,medicare/aid,True,CAMPAIGN_SITE,,2024,True,False,,,,full,1,[2024],444f44da-46c5-42fb-aa8d-6c8de8593940,https://ballotpedia.org/David_Ambrose,Not on any social program at all whatsoever. Social programs should be handled by the states in accordance with the 10th amendment.
David Russ,social-security,True,CAMPAIGN_SITE,,2024,True,False,https://www.russisforus.com/issues-2024/,,https://www.russisforus.com/,full,1,[2024],2a4bd1c1-f059-4d9d-b7cd-661b74c38ad9,https://ballotpedia.org/David_Russ_(Oregon),Social Security – This should be a State issue. The constitution does not authorize the Federal Government to participate in this type of activity.
"David S. Kerr, Jr.",abortion,True,SURVEY_ORIGINAL,,2026,False,False,,,https://davidkerr4congress.com/,full+container,1,[2026],8483fad4-2f77-4d66-b369-5940879f55d4,https://ballotpedia.org/David_Kerr_Jr._(Tennessee),"I am personally passionate about holding true to our constitution, and codifying women's rights into law so that we don't have to worry about a judge or a group of men who think they know better."
"David S. Kerr, Jr.",campaign-finance,True,SURVEY_ORIGINAL,,2026,False,False,,,https://davidkerr4congress.com/,full+container,1,[2026],17d82fb9-6ae2-4d27-8b51-d5eef8122fde,https://ballotpedia.org/David_Kerr_Jr._(Tennessee),No one should be about to profit off of their office. That's why I will not take any PAC money from corporations or foreign governments.
"David S. Kerr, Jr.",healthcare,True,SURVEY_ORIGINAL,,2026,False,False,,,https://davidkerr4congress.com/,full,1,[2026],fd605e72-fc2c-4828-8f55-e7db63b2d5f5,https://ballotpedia.org/David_Kerr_Jr._(Tennessee),The ACA has been defunded by the Republican Party which has caused many people to lose health care coverage. We are the richest nation in the world and yet we do not provide healthcare to the least of these!
David Womack,deportation,True,SURVEY_ORIGINAL,,2026,False,False,,,https://www.davidwomackforcongress.com,full,1,[2026],13290298-c45c-4366-8d68-96c491149770,https://ballotpedia.org/David_Womack,creating a pathway to citizenship for nonviolent undocumented immigrants.
David Womack,healthcare,True,SURVEY_ORIGINAL,,2026,False,False,,,https://www.davidwomackforcongress.com,full,1,[2026],2dfc2c5c-3093-4c75-8e21-0e4f180b493b,https://ballotpedia.org/David_Womack,"I will work to create a rational, national health policy that provides coverage for all, emphasizes prevention and wellbeing, sustains urban and rural hospitals, invests in research and the next generation of healthcare workers."
David Womack,immigration,True,SURVEY_ORIGINAL,,2026,False,False,,,https://www.davidwomackforcongress.com,full,1,[2026],465eae48-f1c6-437d-9d0c-7d1da8ad60be,https://ballotpedia.org/David_Womack,"effective border control with humane enforcement, and creating a pathway to citizenship for nonviolent undocumented immigrants."
Dennis Clark,civil-rights,True,SURVEY_ORIGINAL,,2020,True,False,,,,full+container,1,[2020],e1614466-b62c-4160-a22c-ab71377d1f1e,https://ballotpedia.org/Dennis_Jeffrey_Clark_(Tennessee_congressional_candidate),Our country must provide reparations to the descendants of the people who helped build this company and were unable to equally partake in the benefits.
Devin Hermanson,abortion,True,SURVEY_ORIGINAL,,2024,True,False,,,https://www.devinhermanson.com/,full,1,[2024],525b1e38-d938-46ed-8bf1-9c1712f22e41,https://ballotpedia.org/Devin_Hermanson,"codify Roe v Wade, expand and reform the Court"
Devin Hermanson,campaign-finance,True,SURVEY_ORIGINAL,,2024,True,False,,,https://www.devinhermanson.com/,full,1,[2024],78e7de63-a4c4-41d1-8d3e-c96a5210159d,https://ballotpedia.org/Devin_Hermanson,"Get money out of politics, protect voting rights, end gerrymandering, fight disinformation, expand the Supreme Court, and enact statehood for DC and Puerto Rico."
Devin Hermanson,climate-change,True,SURVEY_ORIGINAL,,2024,True,False,,,https://www.devinhermanson.com/,full,1,[2024],36b4196d-c191-4eb2-830e-a33ec69e0039,https://ballotpedia.org/Devin_Hermanson,"We have to invest in America, not the wealthy. Fund the Green New Deal, Medicare for All, and education reform."
Devin Hermanson,healthcare,True,CAMPAIGN_SITE,,2026,False,False,,"Devin Hermanson's campaign website (July 20, 2026)",https://www.devinhermanson.com/,full,2,"[2026, 2024]",741112df-788d-46b6-b9b3-27da3aed07d1,https://ballotpedia.org/Devin_Hermanson,I believe my mom might still be alive if the US had Medicare for All in her lifetime.
Devin Hermanson,redistricting,False,SURVEY_ORIGINAL,,2024,True,False,,,https://www.devinhermanson.com/,full,1,[2024],efd50582-53c0-4892-9bf7-3e2620956543,https://ballotpedia.org/Devin_Hermanson,"Get money out of politics, protect voting rights, end gerrymandering, fight disinformation, expand the Supreme Court, and enact statehood for DC and Puerto Rico."
Devin Hermanson,taxes,True,SURVEY_ORIGINAL,,2024,True,False,,,https://www.devinhermanson.com/,full,1,[2024],c6657668-fe1a-4213-a6c9-24105daee420,https://ballotpedia.org/Devin_Hermanson,tax reform rolling back decades of tax cuts for the wealthy and corporations
Dewey Gordon Bryan,social-security,False,SURVEY_ORIGINAL,,2026,False,False,,,https://www.gordonbryanforcongress.com/,full,1,[2026],2109086b-f4bb-4175-8b33-73b9616d0ddb,https://ballotpedia.org/Dewey_Gordon_Bryan,"They will even be plotting to take your government contributions and place them under the management of their Republican handlers in the stock market. Stock market crashes: you get screwed, not them."
Dewey Gordon Bryan,tariffs,True,SURVEY_ORIGINAL,,2026,False,False,,,https://www.gordonbryanforcongress.com/,full,1,[2026],8b51f692-9acf-4caf-8e62-ed8d2858fff3,https://ballotpedia.org/Dewey_Gordon_Bryan,Idiotic and mathematically flawed tariff policies raised prices for EVERY American on EVERYTHING.
Donavan McKinney,campaign-finance,False,NOT_ON_PAGE,ABSENT,,,,,,,none,,,246fc681-3dac-4515-9665-f2e07cd300c2,https://ballotpedia.org/Donavan_McKinney,You have to follow what you preach.
Doug Basler,fossil-fuels,True,SURVEY_ORIGINAL,,2022,True,False,,,https://www.dougbasler.com/,full,1,[2022],48dc9b8f-b616-4fef-ba1f-273be5c2627f,https://ballotpedia.org/Doug_Basler,America has vast energy reserves. I will work to bring down energy costs for all of us.
Doug Basler,homelessness,True,SURVEY_ORIGINAL,,2022,True,False,,,https://www.dougbasler.com/,full,1,[2022],cded5ecf-1249-4dc8-a39b-665ee630060a,https://ballotpedia.org/Doug_Basler,Crime and homelessness can be greatly reduced by restoring responsible police power.
Dustin Darden,abortion,True,SURVEY_ORIGINAL,,2024,True,False,,,https://lawhelpak.com/,full,1,[2024],59f4cfd9-bf5b-4bfa-aa07-d09aac27733b,https://ballotpedia.org/Dustin_Darden,Life starts at conception
Eric Hafner,fossil-fuels,True,UNKNOWN_BLOCK,,2024,True,False,,,http://www.erichafner.com,full,1,[2024],00c69ffa-8e7a-455b-b89c-72a370004073,https://ballotpedia.org/Eric_Hafner,I remain opposed to drilling in ANWR.
Eric Pratt,abortion,True,UNKNOWN_BLOCK,,2012,True,False,,,https://www.ericprattmn.com,full,1,[2012],07981408-ce69-4c88-a094-29ab491282bc,https://ballotpedia.org/Eric_Pratt_(Minnesota),I am pro-life.
Ernie Rivera,fossil-fuels,False,SURVEY_ORIGINAL,,2026,False,False,,,https://www.ernie4senate.com,full,1,[2026],c4dda062-fcf3-464d-be70-3013410f5144,https://ballotpedia.org/Ernie_Rivera,"Ernie will fight to lower taxes, cut wasteful spending, unleash American energy"
Ernie Rivera,immigration,False,SURVEY_ORIGINAL,,2026,False,False,,,https://www.ernie4senate.com,full,1,[2026],8bf7ca3e-c341-4c96-a494-93c7acfa8dbf,https://ballotpedia.org/Ernie_Rivera,"Ernie supports legal immigration, strong border security, and ending sanctuary policies"
Ernie Rivera,social-security,False,SURVEY_ORIGINAL,,2026,False,False,,,https://www.ernie4senate.com,full,1,[2026],f0363bd7-912d-4c62-b704-21bd59eba9a5,https://ballotpedia.org/Ernie_Rivera,protect the Medicare and Social Security benefits seniors have earned
Gerald L. Heikes,climate-change,True,UNKNOWN_BLOCK,,2024,True,False,,,,full,1,[2024],98eeab28-f0f5-4733-8832-b388723f0ef8,https://ballotpedia.org/Gerald_Heikes,"Climate change is a fear factor of the ignorant, and teaching in the school systems of America."
Gerald L. Heikes,fossil-fuels,True,UNKNOWN_BLOCK,,2024,True,False,,,,full,1,[2024],851eb006-0338-47fa-85ba-35a343cea188,https://ballotpedia.org/Gerald_Heikes,We have enough oil to light and heat all of America for thousands of years.
Gerald L. Heikes,trans-athletes,True,UNKNOWN_BLOCK,,2024,True,False,,,,full,1,[2024],ece470a9-85b7-43ba-83b3-afa5f8701445,https://ballotpedia.org/Gerald_Heikes,"men who want to compete in women's sports, or use women's restrooms, or showers is a complete lunacy to even consider."
Gerald Malloy,immigration,True,CAMPAIGN_SITE,,2024,True,False,,,https://www.deploymalloy.com/,full+container,1,[2024],0f6ce964-95cb-438c-8bc1-162f7e7cb78a,https://ballotpedia.org/Gerald_Malloy_(Vermont),"secure our southern border to address the crime, Opioid/Fentanyl, and illegal immigration crisis"
Hugh McTavish,fossil-fuels,True,NOT_ON_PAGE,EDITED_TEXT,,,,,,,none,,,84cffae6-0f3e-4841-98b4-1f6a071bb7e9,https://ballotpedia.org/Hugh_McTavish,I oppose Line 3. Tim Walz supported it and allowed it to be built.
Hunter Gordon,ai-regulation,True,SURVEY_ORIGINAL,,2026,False,False,,,https://electhunter.com,full,1,[2026],2e049f25-1b15-4036-9d22-80ecffc76659,https://ballotpedia.org/Hunter_Gordon,"it's time to punish CEOs who have sold our personal data, and implement strict regulations on generative AI that exists only to destroy art, culture and spread disinformation."
Hunter Gordon,campaign-finance,True,SURVEY_ORIGINAL,,2026,False,False,,,https://electhunter.com,full+container,1,[2026],7bba370a-21a6-45c4-b7f4-d3bb3f0507b9,https://ballotpedia.org/Hunter_Gordon,"I will relentlessly fight for you, your family and your livelihood - not AIPAC, big tech or billionaire donors."
Hunter Gordon,climate-change,True,SURVEY_ORIGINAL,,2026,False,False,,,https://electhunter.com,full+container,1,[2026],8e3eda78-c83c-4893-a581-5fc1cf8ecb7d,https://ballotpedia.org/Hunter_Gordon,I care deeply about fighting for a Green New Deal
Hunter Gordon,deportation,True,SURVEY_ORIGINAL,,2026,False,False,,,https://electhunter.com,prefix60,1,[2026],0918edc2-8621-4cf6-bcd8-271f7d681274,https://ballotpedia.org/Hunter_Gordon,Immigrant families deserve not to be terrorized and ripped apart by masked ICE thugs... If elected I will push to abolish ICE... and protect our immigrant communities.
Hunter Gordon,housing,True,SURVEY_ORIGINAL,,2026,False,False,,,https://electhunter.com,window,1,[2026],2ec22eac-198a-4efe-a50a-c706b7c5d459,https://ballotpedia.org/Hunter_Gordon,we need to... fight for national rent control and harsh punishments for corporate greed to end price gouging and make it cheap to own a home once again.
Hunter Gordon,immigration,True,SURVEY_ORIGINAL,,2026,False,False,,,https://electhunter.com,full+container,1,[2026],11107c8b-903b-462a-8afd-8741ea37dcbc,https://ballotpedia.org/Hunter_Gordon,for an immigration system that prioritizes humanity and opportunity over cruelty and deportation.
Hunter Gordon,taxes,True,SURVEY_ORIGINAL,,2026,False,False,,,https://electhunter.com,full,1,[2026],7b403136-4f4e-4714-af7a-f1ed3b14735d,https://ballotpedia.org/Hunter_Gordon,"If elected, I will introduce legislation to create a Wealth Tax and amend the tax code so that every dollar gained over a billion goes back into the social safety net."
Jacob Kristopher Anders,healthcare,True,SURVEY_ORIGINAL,,2026,False,False,,,https://jacobanders.org,full+container,1,[2026],3e2e0567-fa1d-4a34-b84b-362c7f7c3335,https://ballotpedia.org/Jacob_Anders,I'm passionate about finally delivering the American Dream to working families: universal healthcare that doesn't bankrupt anyone.
James W. Morefield,abortion,True,UNKNOWN_BLOCK,,2017,True,False,,,,full,1,[2017],0c6b15ea-d3f9-46b6-b677-77c6f953011e,https://ballotpedia.org/Will_Morefield,"As a new father who looks into the innocent and trusting eyes of our newborn daughter, I know the value of protecting the lives of the unborn. Our U.S. Constitution guarantees Life, Liberty and the Pursuit of happiness. As your state delegate, I will always passionately defend life."
Jason Poulos,campaign-finance,False,SURVEY_ORIGINAL,,2026,False,False,,,https://poulos.house,prefix90,1,[2026],958d017b-21fe-4553-8fac-1b1429fd2031,https://ballotpedia.org/Jason_Poulos,Corporations are not people. Money is not speech. I support a constitutional amendment to overturn Citizens United and restore democracy... Massachusetts deserves a representative who answers to voters — not donors.
Jason Poulos,deportation,False,SURVEY_ORIGINAL,,2026,False,False,,,https://poulos.house,full+container,1,[2026],7f324188-a0b9-4a59-baac-209875f9dc63,https://ballotpedia.org/Jason_Poulos,"I believe in human rights — here and abroad. That means abolishing ICE, ending military support for Israel's actions in Gaza, and building an economy where everyone has dignity."
Jason Poulos,healthcare,False,SURVEY_ORIGINAL,,2026,False,False,,,https://poulos.house,prefix60,1,[2026],c1ed14fe-565a-4c3b-95ce-f26cd6a4075f,https://ballotpedia.org/Jason_Poulos,Healthcare is a human right — not a benefit your employer can take away... I support Medicare-for-All because no one should have to choose between paying rent and seeing a doctor.
Jay J Bowman,ai-regulation,True,SURVEY_ORIGINAL,,2026,False,False,,,https://www.Bowman2026.com,full+container,1,[2026],752b6d8b-03c8-47c8-9d75-352baec85d46,https://ballotpedia.org/Jay_Bowman,establishment of a dedicated cabinet-level position to oversee AI development
Jay J Bowman,healthcare,True,NOT_ON_PAGE,ABSENT,,,,,,,none,,,2b038436-5da9-4305-bfbb-6a8918b43212,https://ballotpedia.org/Jay_Bowman,"Design and implement a single-payer health care system that covers essential medical services (preventive care, hospitalization, prescription drugs, and long-term care)."
Jeromie Whalen,ai-regulation,False,SURVEY_ORIGINAL,,2026,False,False,,,https://www.whalenforcongressma.com/,full+container,1,[2026],5fff597e-59bc-4d50-ade1-72b93bcd5e69,https://ballotpedia.org/Jeromie_Whalen,"The government needs to regulate artificial intelligence and become far more informed about how technology actually works. Right now we have an aging group of legislators who are out of touch with modern tech, yet they are the ones responsible for protecting our privacy and security."
Jeromie Whalen,campaign-finance,False,SURVEY_ORIGINAL,,2026,False,False,,,https://www.whalenforcongressma.com/,full+container,1,[2026],79d1c2d4-513c-43b6-b2ad-124c9a92d109,https://ballotpedia.org/Jeromie_Whalen,"Currently, Jim McGovern (MA-02) is pushing for a constitutional amendment to overturn Citizens United and get corporate money out of politics. That is a great start."
Jeromie Whalen,taxes,False,SURVEY_ORIGINAL,,2026,False,False,,,https://www.whalenforcongressma.com/,prefix90,1,[2026],5f021991-6fdc-4f90-9701-2e8933e66845,https://ballotpedia.org/Jeromie_Whalen,"Lower taxes and raise them on billionaires. Raise the tax threshold for working and middle class... Surcharge on the ultra wealthy: Add a 3 percent surtax on income over $1 million, and an 8 percent surtax on income over $15 million."
Jerrad Christian,healthcare,True,CAMPAIGN_SITE,,2026,False,False,,"Jerrad Christian's campaign website (April 23, 2026)",https://www.christianforohio.com,full,1,[2026],f4517114-f94f-4306-8b3f-a6f1ce0bff7d,https://ballotpedia.org/Jerrad_Christian,Universal healthcare is a non-partisan policy in nearly every other modern country. It is proven to lower costs while removing the middle men who tell us which doctors we can see and which medications we can buy.
Jerrad Christian,social-security,True,CAMPAIGN_SITE,,2026,False,False,,"Jerrad Christian's campaign website (April 23, 2026)",https://www.christianforohio.com,prefix90,1,[2026],8a579750-9808-409e-91a8-a5944bf3a3a0,https://ballotpedia.org/Jerrad_Christian,"If we want to defend and restore Social Security, the math is straightforward: uncap it. Right now, income above a certain dollar threshold is not taxed for Social Security. Lifting or eliminating the cap would extend the program's solvency and strengthen benefits without cutting a dime from retirees."
Jim Torino,childcare,True,SURVEY_ORIGINAL,,2026,False,False,,,https://www.jimtorino.com,full,1,[2026],bc75018e-142b-4fa6-b6a9-cf9d216c81b2,https://ballotpedia.org/Jim_Torino,"That includes introducing legislation to provide universal childcare for kids 5 years old and under and standing up to corporate investors who are buying up homes, squeezing renters, and pricing families out of their own communities."
Jim Torino,healthcare,True,SURVEY_ORIGINAL,,2026,False,False,,,https://www.jimtorino.com,full+container,1,[2026],eb18cefe-c9d2-4dae-90b8-486143445bcd,https://ballotpedia.org/Jim_Torino,"We need to lower costs across the system: increase price transparency, take on pharmaceutical price gouging, and hold insurers and providers accountable."
Jim Torino,housing,True,SURVEY_ORIGINAL,,2026,False,False,,,https://www.jimtorino.com,full,1,[2026],e14a44f6-94ec-4ad4-8957-07666614ab14,https://ballotpedia.org/Jim_Torino,"Housing should be for people, not just profits."
Jimmy Skovgard,ai-regulation,False,SURVEY_ORIGINAL,,2026,False,False,,,https://skovgard2026.org,full,1,[2026],f797d76f-c5ea-484e-8cd2-95da310ec66a,https://ballotpedia.org/Jimmy_Skovgard,"Once truth becomes flexible, democracy is at risk."
Jimmy Skovgard,healthcare,False,SURVEY_ORIGINAL,,2026,False,False,,,https://skovgard2026.org,full,1,[2026],f1de1aac-77f8-40de-bc4f-04e599479f8c,https://ballotpedia.org/Jimmy_Skovgard,We're paying Ferrari prices for a system that runs like a broken-down ranch truck.
"John ""Drew"" Williams",climate-change,True,SURVEY_ORIGINAL,,2026,False,False,,,https://williamsforky.com,full,1,[2026],40b6201a-b383-4235-b7e9-7d5883d2fd2c,https://ballotpedia.org/Drew_Williams,have a healthy respect for both our current needs and productions of fossil fuels while understanding the direction and needs of greener and renewable energy and construction materials going forward
"John ""Drew"" Williams",fossil-fuels,True,SURVEY_ORIGINAL,,2026,False,False,,,https://williamsforky.com,full,1,[2026],b526ed72-f163-4436-8def-3f8d766cf458,https://ballotpedia.org/Drew_Williams,have a healthy respect for both our current needs and productions of fossil fuels while understanding the direction and needs of greener and renewable energy and construction materials going forward
John Hancock,campaign-finance,True,SURVEY_ORIGINAL,,2026,False,False,,,https://Hancock4Liberty.com,full,1,[2026],e8b25692-01ae-4866-9756-d4eafdf7f06c,https://ballotpedia.org/John_Hancock_(Ohio),"I'll push for crystal-clear records, end backroom schemes, and make sure your voice, not big money, calls the shots."
John Hancock,taxes,True,CAMPAIGN_SITE,,2026,False,False,,"John Hancock's campaign website (April 21, 2026)",https://Hancock4Liberty.com,full,1,[2026],9e424e4a-3b56-43ae-9d38-197af4a57b60,https://ballotpedia.org/John_Hancock_(Ohio),"As a Libertarian, I believe Taxation is Theft. If the government needs funds, we have to stop increasing our national debt. I'll fight to cut taxes, slash bloated budgets, and let you control your future."
John Saulie-Rohman,abortion,True,CAMPAIGN_SITE,,2024,True,False,https://www.saulierohmanforcongress.com/,,https://www.saulierohmanforcongress.com/,full,1,[2024],d80c7f84-506d-44ce-b3fb-738cdf2e1eed,https://ballotpedia.org/John_Saulie-Rohman,I support a woman's right to choose.
John Saulie-Rohman,campaign-finance,True,CAMPAIGN_SITE,,2024,True,False,https://www.saulierohmanforcongress.com/,,https://www.saulierohmanforcongress.com/,prefix90,1,[2024],92eee76d-93a7-447e-bc7c-d9d1147a915e,https://ballotpedia.org/John_Saulie-Rohman,"Our Congress is compromised. Lobbying and special interests inject billions of dollars to steer legislative policies in their favor... I pledge to only accept individual contributions, ensuring my independence from special interests."
John Saulie-Rohman,taxes,True,CAMPAIGN_SITE,,2024,True,False,https://www.saulierohmanforcongress.com/,,https://www.saulierohmanforcongress.com/,full,1,[2024],60312d7c-6847-4ec8-ae75-4cf26db5d6dd,https://ballotpedia.org/John_Saulie-Rohman,"I support investing in our crumbling infrastructure which has been starved of vital funding through unsustainable tax cuts and loopholes enjoyed by large corporations, while we shoulder the true costs."
Johnny Garrett,abortion,True,CAMPAIGN_SITE,,2026,False,False,,"Johnny Garrett's campaign website (May 29, 2026)",https://johnnygarrettforcongress.com/,full,1,[2026],ed3d2a66-0a30-4d5e-9273-c6db8097f627,https://ballotpedia.org/Johnny_Garrett,"Johnny is 100% Pro-Life. He believes that life begins at conception, and he will always fight as a voice for the voiceless."
Johnny Garrett,deportation,True,CAMPAIGN_SITE,,2026,False,False,,"Johnny Garrett's campaign website (May 29, 2026)",https://johnnygarrettforcongress.com/,full,1,[2026],2959ca81-0c9b-44db-9dd3-5f75785f94f1,https://ballotpedia.org/Johnny_Garrett,That's why Johnny took action in the Tennessee House to implement a State Border Czar who will work hand in glove with ICE to deport all illegal aliens from the Volunteer State.
Johnny Garrett,taxes,True,CAMPAIGN_SITE,,2026,False,False,,"Johnny Garrett's campaign website (May 29, 2026)",https://johnnygarrettforcongress.com/,full,1,[2026],d7516d7b-e104-476c-9ba0-f24252aaff1f,https://ballotpedia.org/Johnny_Garrett,"That's why he will always fight to lower taxes and ensure that President Trump's 2017 tax cuts are not only permanent, but also expand them further to keep more money in your own pocket, not the government's."
Johnny Garrett,trans-athletes,True,CAMPAIGN_SITE,,2026,False,False,,"Johnny Garrett's campaign website (May 29, 2026)",https://johnnygarrettforcongress.com/,full,1,[2026],944ae228-666b-4661-a8c1-2951b2813f35,https://ballotpedia.org/Johnny_Garrett,"As State Representative, Johnny passed legislation banning men from competing in women's sports and will continue to stand up for common sense in Washington to protect women's sports."
Jon Henry,tariffs,True,SURVEY_ORIGINAL,,2026,False,False,,,https://henryforcongress.com/,full,1,[2026],637837a1-3c10-4b1f-aa78-5fd04a80c7a1,https://ballotpedia.org/Jon_Henry,Our second message is to make policies to re-shore vital industries in America. Everything the US must have to sustain itself must be manuafactured within our country and not be beholden to overseas industry. We must reshore vital industries to provide jobs and ensure our national security by not depending on other countries for important products.
Jonathan Paz,campaign-finance,False,SURVEY_ORIGINAL,,2026,False,False,,,https://pazforthepeople.com,full+container,1,[2026],9da608b5-50cf-4f3c-8a0b-0bad0b291f5a,https://ballotpedia.org/Jonathan_Paz_(Massachusetts),"We deserve leaders in Congress who reject money from corporations and foreign lobbies. Leaders who stand with the working class, not the donor class that keeps rigging the system."
Jonathan Paz,deportation,False,SURVEY_ORIGINAL,,2026,False,False,,,https://pazforthepeople.com,full,1,[2026],c45a7258-b021-4b7c-b432-c1077c77603c,https://ballotpedia.org/Jonathan_Paz_(Massachusetts),"When I say 'Abolish ICE,' I mean 4 things: Abolishing ICE as a federal agency; Passing a 21st century immigration system, creating a humane pathway to citizenship for our immigrant neighbors; Redirecting ICE's $170 billion budget back to schools, healthcare, and housing; Investigating and holding ICE agents accountable."
Jonathan Paz,ukraine-support,False,SURVEY_ORIGINAL,,2026,False,False,,,https://pazforthepeople.com,prefix90,1,[2026],7934b9d4-0113-466c-940c-b2f0fc4b87fd,https://ballotpedia.org/Jonathan_Paz_(Massachusetts),"No more endless wars. We can't bomb our way to peace. As the United States, we need to focus on the root causes to these conflicts... facilitate ceasefires in all current conflicts and push for long-term diplomatic solutions. Congress should stop funding the war machine."
Jonny Larsen,abortion,True,CAMPAIGN_SITE,,2026,False,False,,"Jonny Larsen's campaign website (April 10, 2026)",https://jonnylarsen.com,full,1,[2026],2c360e50-2205-40ac-98be-774dd3cf066a,https://ballotpedia.org/Jonny_Larsen,Women deserve equal pay and full control over their own healthcare decisions. That is between a woman and her doctor. Not a politician and a lobbyist.
Jonny Larsen,campaign-finance,True,CAMPAIGN_SITE,,2026,False,False,,"Jonny Larsen's campaign website (April 10, 2026)",https://jonnylarsen.com,full,1,[2026],3bfc0ed7-de54-48a3-a4f0-e36a764f2bd4,https://ballotpedia.org/Jonny_Larsen,Members of Congress should not trade stocks on information the rest of us do not have. I support banning congressional stock trading and overturning Citizens United.
Jonny Larsen,deportation,True,CAMPAIGN_SITE,,2026,False,False,,"Jonny Larsen's campaign website (April 10, 2026)",https://jonnylarsen.com,full,1,[2026],ffce6953-4824-4b66-8593-3e27fe2dc0a1,https://ballotpedia.org/Jonny_Larsen,"We do not need masked agents terrorizing communities. We need a system that is fair, enforceable, and holds corporations accountable when they profit from broken immigration law. Reform means fixing it from the top down, not punishing people at the bottom."
Jonny Larsen,same-sex-marriage,False,CAMPAIGN_SITE,,2026,False,False,,"Jonny Larsen's campaign website (April 10, 2026)",https://jonnylarsen.com,full,1,[2026],6a1fc27a-6470-4dcd-9b04-cb6309029bcc,https://ballotpedia.org/Jonny_Larsen,LGBTQ+ and transgender Utahns deserve the same protections everyone else has. No child should walk into school feeling unsafe because of who they are.
Jonny Larsen,school-vouchers,True,CAMPAIGN_SITE,,2026,False,False,,"Jonny Larsen's campaign website (April 10, 2026)",https://jonnylarsen.com,full,1,[2026],539afbc5-1151-4a0a-a0b2-16a0d127cf88,https://ballotpedia.org/Jonny_Larsen,"I will fight to protect public school funding, support our teachers, and make sure that when families pay taxes for education, those dollars actually reach the classroom."
Jonny Larsen,social-security,True,CAMPAIGN_SITE,,2026,False,False,,"Jonny Larsen's campaign website (April 10, 2026)",https://jonnylarsen.com,full,1,[2026],d4342cfd-b15b-4610-8c28-0fe95cbda198,https://ballotpedia.org/Jonny_Larsen,"It is why I will fight to protect Social Security and Medicare for the 99,000 beneficiaries in this district."
Jordan Conley,healthcare,True,SURVEY_ORIGINAL,,2026,False,False,,,https://www.jordanforhawaii.com/,full,1,[2026],56451e94-07f4-4bc0-b58e-116ebcdd1949,https://ballotpedia.org/Jordan_Conley,Universal health care is my number 1 issue! I will get it passed or expose those who will not vote for it so we can vote them out.
Jordan Conley,homelessness,True,SURVEY_ORIGINAL,,2026,False,False,,,https://www.jordanforhawaii.com/,full,1,[2026],a3c5acb8-da15-4a0c-902b-790070a80677,https://ballotpedia.org/Jordan_Conley,We will start a housing first program which does exactly that. First we put people in homes. Then we help them further depending on needs.
Jordan Conley,taxes,True,SURVEY_ORIGINAL,,2026,False,False,,,https://www.jordanforhawaii.com/,full+container,1,[2026],39c57d95-d9b9-4eaf-b64e-c0922eff0cb5,https://ballotpedia.org/Jordan_Conley,"Health care for all, ending homelessness, taxing the rich, having a living wage, ending war, food security, having public education run from pre k through college"
Jordan Conley,ukraine-support,True,SURVEY_ORIGINAL,,2026,False,False,,,https://www.jordanforhawaii.com/,full,1,[2026],a4db636d-5674-4f6b-b955-08c4820c3ee7,https://ballotpedia.org/Jordan_Conley,"I, and the Green Party, are anti war to the core. There is no reason we should be all over the world occupying other people's countries."
Jordan D. Hinders,taxes,False,SURVEY_ORIGINAL,,2026,False,False,,,https://jordandhinders.com,full,1,[2026],a217b631-511c-4f3d-a11f-1962600ab9b8,https://ballotpedia.org/Jordan_Hinders,"I propose many policies to alleviate these burdens. A raise in the minimum wage, lowering of taxes for middle class citizens, tax break restrictions so everyone pays their fair share, and accountability policies for corporations whose employees still need government assistance."
Joseph Perez-Caputo,campaign-finance,True,SURVEY_ORIGINAL,,2026,False,False,,,https://www.creatingcommunityeverywhere-jpcforcongress.org/home,full,1,[2026],af8ec2d9-d8c2-46c4-a8a5-9c2c99ff27cd,https://ballotpedia.org/Joseph_Perez-Caputo,"We need to overturn Citizen's United, get money out of politics, impeach bad actors in our government, and work towards a rule of law that works for ALL, not just the wealthy."
Joseph Perez-Caputo,deportation,True,SURVEY_ORIGINAL,,2026,False,False,,,https://www.creatingcommunityeverywhere-jpcforcongress.org/home,full,1,[2026],2d24b2dc-a074-4e51-b61f-d6aac0e682dc,https://ballotpedia.org/Joseph_Perez-Caputo,"Our government spends billions on ICE, wars and genocides, and our people do not have healthcare."
Joseph Perez-Caputo,housing,True,SURVEY_ORIGINAL,,2026,False,False,,,https://www.creatingcommunityeverywhere-jpcforcongress.org/home,full+container,1,[2026],4dc1c871-dc49-40db-b186-acf6d6d354a4,https://ballotpedia.org/Joseph_Perez-Caputo,getting private equity our of residential ownership and hospitals
Joshua Ray Ashburn,taxes,True,SURVEY_ORIGINAL,,2026,False,False,,,,full,1,[2026],553961c7-8534-4d93-bc72-058538551162,https://ballotpedia.org/Joshua_Ray_Ashburn,"I believe we should reduce their tax burden, cut unnecessary red tape, and make it easier for people to start and grow a business."
Joshua Warren Sales,school-vouchers,False,SURVEY_ORIGINAL,,2026,False,False,,,https://sales4congress.com,full,1,[2026],db29a7ac-3728-4736-94cf-eaf8e22e3c7e,https://ballotpedia.org/Joshua_Warren_Sales,"I believe in opening opportunities for all of our children, not just the ones that can afford private school. That goes for kids in the countryside just as much as it does kids in the cities."
Joshua Warren Sales,taxes,False,SURVEY_ORIGINAL,,2026,False,False,,,https://sales4congress.com,full+container,1,[2026],e3c940a2-945a-4c0b-90de-0a2ab5022ba8,https://ballotpedia.org/Joshua_Warren_Sales,"None of this is radical. Eisenhower had a 91% top marginal tax rate. Nixon promised clean water and air as an American birthright. Reagan worked to ban assault weapons. These aren't radical positions, they're Republican talking points I happen to agree with."
Karen Ruth Bass,voting-rights,False,NOT_ON_PAGE,ABSENT,,,,,,,none,,,ec05e571-f1ad-4c2e-a673-a2e1d295a56a,https://ballotpedia.org/Karen_Bass,No photo IDs to vote; they suppress the vote.
Keith Arnold,abortion,True,CAMPAIGN_SITE,,2024,True,False,https://www.votekeitharnold.com/,,https://votekeitharnold.com/,full,1,[2024],acceb118-f51a-4ec6-a5e1-9cc85b42f6da,https://ballotpedia.org/Keith_Arnold,"I am Pro Life. (Abortion should be allowed only in cases of rape, incest, or a significant health risk. That significant health risk should be limited to life-threatening risk until medicine can give us a better definition which may consider severe birth defects.)"
Keith Arnold,climate-change,True,CAMPAIGN_SITE,,2024,True,False,https://www.votekeitharnold.com/,,https://votekeitharnold.com/,full,2,"[2024, 2012]",e55c5a52-dcde-4aa0-99e0-79f98df14444,https://ballotpedia.org/Keith_Arnold,"We must develop clean alternative sources of energy, especially renewable energy sources."
Keith Arnold,deportation,False,CAMPAIGN_SITE,,2024,True,False,https://www.votekeitharnold.com/,,https://votekeitharnold.com/,full,2,"[2024, 2012]",362af3ee-72bd-4327-bc54-7043d326dee3,https://ballotpedia.org/Keith_Arnold,Immigration laws should be enforced focusing on those who hire (and exploit) persons here illegally.
Keith Arnold,healthcare,True,CAMPAIGN_SITE,,2024,True,False,https://www.votekeitharnold.com/,,https://votekeitharnold.com/,full,2,"[2024, 2012]",3f136944-c7c3-4b0f-bc48-ce13a0842e0f,https://ballotpedia.org/Keith_Arnold,"We need universal health care, we must provide care to everyone from infants to seniors."
Keith Arnold,tariffs,True,CAMPAIGN_SITE,,2024,True,False,https://www.votekeitharnold.com/,,https://votekeitharnold.com/,full,2,"[2024, 2012]",494ef22c-ba9c-4fb2-90ea-e4475294a2de,https://ballotpedia.org/Keith_Arnold,I support global free trade but it must be Fair Global Free Trade.
Keith Arnold,taxes,True,CAMPAIGN_SITE,,2024,True,False,https://www.votekeitharnold.com/,,https://votekeitharnold.com/,full,2,"[2024, 2012]",10959781-9cfd-4633-b55e-581088471fa9,https://ballotpedia.org/Keith_Arnold,A fair tax system which should be progressive for higher incomes. This will slowly eliminate the deficit and payoff the debt.
Kevin Fagan,campaign-finance,True,SURVEY_ORIGINAL,,2026,False,False,,,https://kevinfaganforcongress.com/,full,1,[2026],e6fbcf77-1056-488a-9973-6a6cc4871705,https://ballotpedia.org/Kevin_Fagan,getting big money out of politics is essential to a healthy democracy. That's why I will support any effort to overturn SCOTUS' Citizen's United decision.
Kevin Fagan,healthcare,True,SURVEY_ORIGINAL,,2026,False,False,,,https://kevinfaganforcongress.com/,full,1,[2026],868691da-3df4-4ca9-94fe-fca83fc360fb,https://ballotpedia.org/Kevin_Fagan,I will also support a Medicare for All healthcare system because we can no longer tinker around the edges of a broken healthcare system. We must act.
Kevin Fagan,housing,True,CAMPAIGN_SITE,,2026,False,False,,"Kevin Fagan's campaign website (July 22, 2026)",https://kevinfaganforcongress.com/,full,1,[2026],408e367c-c9fa-4a96-99f3-5719b76fd369,https://ballotpedia.org/Kevin_Fagan,I'll work to streamline regulations so we can build faster and more affordably- with good union jobs and real community investment.
Kristi Burke,deportation,True,SURVEY_ORIGINAL,,2026,False,False,,,https://www.votekristiburke.com/,full+container,1,[2026],17ecf940-5df4-4b2f-a6ab-5e89b7f0dc7d,https://ballotpedia.org/Kristi_Burke,I advocate for criminal justice reform and replacing agencies like ICE with a system prioritizing human rights.
Kristi Burke,deportation,False,SURVEY_ORIGINAL,,2026,False,False,,,https://www.votekristiburke.com/,full+container,1,[2026],9a102aab-9131-42e3-844c-3fd197b64ab0,https://ballotpedia.org/Kristi_Burke,Systemic Justice: I advocate for criminal justice reform and replacing agencies like ICE with a system prioritizing human rights.
Kristi Burke,healthcare,False,SURVEY_ORIGINAL,,2026,False,False,,,https://www.votekristiburke.com/,full,1,[2026],872b6fd9-6665-42cf-b0d8-620ab961a50b,https://ballotpedia.org/Kristi_Burke,"I don't have health insurance, navigating the same ""pay or pray"" system you do."
Kurtis Engle,redistricting,True,NOT_ON_PAGE,EDITED_TEXT,,,,,,,none,,,e22b2018-2e5d-48e9-8a2e-95e98464f6ad,https://ballotpedia.org/Kurtis_Engle,"What process do you favor for redistricting? Scrupulously non-partisan. The way no one does it, now, and the way everyone should... the process should be placed in non-political hands."
Lady Donna Dutchess,abortion,True,NOT_ON_PAGE,ABSENT,,,,,,,none,,,07017ddd-7d5d-40cb-aff2-3b675f770039,https://ballotpedia.org/Lady_Donna_Dutchess,I am Pro-Life. Abortions and contraception should be decided on at the State level by law.
Lady Donna Dutchess,civil-rights,True,NOT_ON_PAGE,ABSENT,,,,,,,none,,,322a2c11-b2c6-4294-9b3e-e64ed51ddb6d,https://ballotpedia.org/Lady_Donna_Dutchess,LGBTQ rights are a matter of discrimination laws. I am pro the Law on Discrimination.
Lady Donna Dutchess,climate-change,True,NOT_ON_PAGE,ABSENT,,,,,,,none,,,83e39342-bf01-42f9-aa4c-61d9330161a0,https://ballotpedia.org/Lady_Donna_Dutchess,"Congress should target and support innovating clean energy technology (that has been 'shelved' in lieu of traditional profits), undeveloped patented technology, and entrepreneurship of small energy research companies. Congress should support these types of energy innovations through government loans, subsidies, and grants."
Lady Donna Dutchess,fossil-fuels,True,NOT_ON_PAGE,ABSENT,,,,,,,none,,,7a5bcf8c-b9c3-48e5-9645-4d2ef058f05b,https://ballotpedia.org/Lady_Donna_Dutchess,"Alaska is an oil producing state, otherwise so much would not have been invested in the pipeline. That said, oil harvesting should be done in an environmentally sound manner."
Lady Donna Dutchess,healthcare,True,NOT_ON_PAGE,ABSENT,,,,,,,none,,,640c5b1f-e569-4023-9c0c-6d1277bd7962,https://ballotpedia.org/Lady_Donna_Dutchess,"The solution is to make healthcare, to include dental, free for all Alaskans."
Lady Donna Dutchess,immigration,True,UNKNOWN_BLOCK,,2024,True,False,,,https://ld4g.live/,full,1,[2024],5adcd01f-14c0-4b92-bb29-dab8095a5aee,https://ballotpedia.org/Lady_Donna_Dutchess,"Congress should shut down the border. Obvious. Too little, too late."
Leon Lawson,medicare/aid,True,SURVEY_ORIGINAL,,2026,False,False,,,https://magawashington.com/,full,1,[2026],20eb68ad-93e4-42c0-81c0-0df0c8c378b8,https://ballotpedia.org/Leon_Lawson,"Senior Healthcare Act – Crush Big Pharma middlemen, give seniors direct age-scaled subsidies"
Lindsey Anderson,medicare/aid,True,NOT_ON_PAGE,ABSENT,,,,,,,none,,,3cf82656-8e32-4a1f-96ff-2ad53b654cab,https://ballotpedia.org/Lindsey_Anderson_(New_Hampshire),"No wonder drastic cuts are predicted over the next decade... In Congress I will push to establish reliable KPIs for Social Security, Medicare, and other programs."
Lindsey Anderson,social-security,False,NOT_ON_PAGE,ABSENT,,,,,,,none,,,553991a1-570b-4aee-addc-ce18490619bc,https://ballotpedia.org/Lindsey_Anderson_(New_Hampshire),Over the course of his or her lifetime the average American contributes $515K into Social Security and Medicare and receives $857K in benefits. That is an underfunding gap of $342K per American.
Lisa Kinney,healthcare,True,SURVEY_ORIGINAL,,2026,False,False,,,https://lisakinneyforcongress.com/,full,1,[2026],f5ac37df-49b1-4265-bbf6-25f63e9f38de,https://ballotpedia.org/Lisa_Kinney,I am interested in pursuing universal healthcare by first bringing back the ACA subsidies to lower health insurance premiums right away and then working toward Medicare for all.
Lisa Kinney,medicare/aid,True,SURVEY_ORIGINAL,,2026,False,False,,,https://lisakinneyforcongress.com/,full,1,[2026],2a086a17-be3e-4621-910b-7634373a4e56,https://ballotpedia.org/Lisa_Kinney,I am interested in pursuing universal healthcare by first bringing back the ACA subsidies to lower health insurance premiums right away and then working toward Medicare for all.
Lisa Kinney,tariffs,True,SURVEY_ORIGINAL,,2026,False,False,,,https://lisakinneyforcongress.com/,full,1,[2026],48238067-0697-4ac8-b710-db9409b91104,https://ballotpedia.org/Lisa_Kinney,"I will work to remove tariffs, decrease the damaging provisions of the ""Big Beautiful Bill,"" lower or delete income taxes and FICA, and work in a bipartisan manner to pass legislation to help the everyday citizen, all of us."
Lisa Kinney,taxes,True,NOT_ON_PAGE,ABSENT,,,,,,,none,,,48bfa4d5-66cb-430d-8d88-8a0011491e64,https://ballotpedia.org/Lisa_Kinney,Eliminate loopholes for billionaires.
Lore Bergman,abortion,True,SURVEY_ORIGINAL,,2026,False,False,,,https://www.lorebergman.org,full,2,"[2026, 2024]",5c8dac32-9ea2-4c84-8447-a09972ecc77b,https://ballotpedia.org/Lore_Bergman,"No matter what you believe about abortion or IVF, it is your decision, not someone else's decision for you. When a woman cannot make decisions about her own body, she is not a free citizen."
Lore Bergman,campaign-finance,True,SURVEY_ORIGINAL,,2026,False,False,,,https://www.lorebergman.org,full+container,1,[2026],a749aa15-21a5-41dd-9492-ecccbefa27a3,https://ballotpedia.org/Lore_Bergman,"Corporate money, dark money and Citizens United needs to be removed and be illegal in campaigning and in any part of our federal government."
Lore Bergman,deportation,True,SURVEY_ORIGINAL,,2026,False,False,,,https://www.lorebergman.org,full+container,1,[2026],cbd0c756-8c1a-4dd4-a3bd-2be6af8a2c9d,https://ballotpedia.org/Lore_Bergman,"I will also use this power, to get the border secure in a way that is cruelty free and legal by getting more judges and workers to help the process, and stop the insanity of ICE and the huge amounts of money it is wasting and misusing daily."
Lore Bergman,redistricting,True,SURVEY_ORIGINAL,,2026,False,False,,,https://www.lorebergman.org,full+container,1,[2026],1138a137-c10b-4ee1-a026-822c339959c9,https://ballotpedia.org/Lore_Bergman,"I think we need a nonpartisan federal computerized program designed for calculating districts and county boundaries to stop gerrymandering. The politicians in power should not have the right to draw their own lines, because they should not be able to choose their voters."
Lore Bergman,social-security,True,SURVEY_ORIGINAL,,2024,True,False,,,https://www.lorebergman.org,full+container,1,[2024],fe2676ca-e042-4ac9-a5a3-ed0bc4cf4278,https://ballotpedia.org/Lore_Bergman,"I would definitely make sure that Social Security, Disability, SNAP, HUD and affordable housing and any other programs like these will be protected and expanded. I will fight against any legislation to balance the budget, that wants to cut or end these programs and refuses to tax the ultra-rich."
Lore Bergman,tariffs,True,SURVEY_ORIGINAL,,2026,False,False,,,https://www.lorebergman.org,full+container,1,[2026],1eb34a72-11cb-4463-8d0f-65c699aa488d,https://ballotpedia.org/Lore_Bergman,"I will vote to stop the insanity of these stupid and unneeded tariffs that are ruining small businesses, farms, industries and taking away people's jobs."
Luke Bronin,abortion,True,CAMPAIGN_SITE,,2026,False,False,,"Luke Bronin's campaign website (May 22, 2026)",https://broninforcongress.com/,full,1,[2026],70ad1da6-9ba4-41f9-9cc7-71613ceb7dfa,https://ballotpedia.org/Luke_Bronin,Roe v Wade must be codified in federal law.
Luke Bronin,ai-regulation,False,CAMPAIGN_SITE,,2026,False,False,,"Luke Bronin's campaign website (May 22, 2026)",https://broninforcongress.com/,full,1,[2026],2c5fe760-3f3d-474d-93d3-6a8445edaf42,https://ballotpedia.org/Luke_Bronin,"My job will be to make sure AI innovation means more money in your pocket, not less."
Luke Bronin,childcare,True,CAMPAIGN_SITE,,2026,False,False,,"Luke Bronin's campaign website (May 22, 2026)",https://broninforcongress.com/,full,1,[2026],742027cb-7fe4-48c7-9eb7-fa4575680f60,https://ballotpedia.org/Luke_Bronin,"That means expanding access to affordable childcare and eldercare, raising wages for caregivers, and helping families pay for care without going broke."
Luke Bronin,deportation,False,CAMPAIGN_SITE,,2026,False,False,,"Luke Bronin's campaign website (May 22, 2026)",https://broninforcongress.com/,window,1,[2026],28e9b774-ac97-48d6-81a1-f3bca789c3ad,https://ballotpedia.org/Luke_Bronin,We must end the cruelty and lawlessness of the Trump Administration immediately.
Luke Bronin,immigration,True,CAMPAIGN_SITE,,2026,False,False,,"Luke Bronin's campaign website (May 22, 2026)",https://broninforcongress.com/,full,1,[2026],d157ef00-ad8d-49dd-a971-d9fc6a829f56,https://ballotpedia.org/Luke_Bronin,"secure borders, fair and timely asylum processing, legal pathways that encourage more legal immigration."
Luke Bronin,medicare/aid,True,CAMPAIGN_SITE,,2026,False,False,,"Luke Bronin's campaign website (May 22, 2026)",https://broninforcongress.com/,full,1,[2026],31e07a96-cc5e-4aab-9b75-384611fa4a16,https://ballotpedia.org/Luke_Bronin,a strong public option so that any American who wants to participate in Medicare can do so.
Luke Bronin,misinformation,True,CAMPAIGN_SITE,,2026,False,False,,"Luke Bronin's campaign website (May 22, 2026)",https://broninforcongress.com/,full,1,[2026],60565892-ee8d-40d1-a432-3a7926412072,https://ballotpedia.org/Luke_Bronin,algorithms that addict our kids to AI-created content that makes it hard to know truth from lies
M. Keith Hodges,abortion,True,UNKNOWN_BLOCK,,2017,True,False,,,https://www.keithhodges98.com/,full,1,[2017],6e9372a1-9eb0-4d49-b3dc-f6a475d7da16,https://ballotpedia.org/Keith_Hodges,"Protect our values, stand up for Life, and the quality of life that makes our communities great places to live."
M. Keith Hodges,healthcare,True,UNKNOWN_BLOCK,,2017,True,False,,,https://www.keithhodges98.com/,full,1,[2017],f7e355d2-fce7-4ead-a1ad-7def443a39f4,https://ballotpedia.org/Keith_Hodges,Oppose big government healthcare mandates and always work to preserve the doctor-patient relationship and patient choice.
M. Keith Hodges,taxes,True,UNKNOWN_BLOCK,,2017,True,False,,,https://www.keithhodges98.com/,full,1,[2017],a30435df-01a7-43c1-8c28-b7d9ea52329e,https://ballotpedia.org/Keith_Hodges,"Free enterprise, free markets, less government intervention in our economy."
Mark Tedford,medicare/aid,True,SURVEY_ORIGINAL,,2026,False,False,,,https://www.tedfordforcongress.com/,full,1,[2026],66c36a3c-ca7b-4cb1-a2a2-92c99d14f33b,https://ballotpedia.org/Mark_Tedford,"Programs like Medicaid and SNAP were created to help those in need, but lax standards, fraud, and abuse have expanded dependency and strained resources."
Mark Tedford,social-security,True,SURVEY_ORIGINAL,,2026,False,False,,,https://www.tedfordforcongress.com/,full,1,[2026],e35d946f-e5a6-4c7e-824b-a09a4ed91f6e,https://ballotpedia.org/Mark_Tedford,Accountability and stronger guardrails are necessary to protect programs like Social Security and Medicaid so they remain sustainable for those who genuinely need and deserve them.
Marquita Bradshaw,deportation,True,NOT_ON_PAGE,ABSENT,,,,,,,none,,,1471c2c0-d4c2-4cca-9d33-e05b4b005a15,https://ballotpedia.org/Marquita_Bradshaw,Abolish I.C.E.
Marquita Bradshaw,immigration,True,CAMPAIGN_SITE,,2024,True,False,https://www.marquitabradshaw.com/issues,,https://www.MarquitaBradshaw.com,full,1,[2024],316dbb0a-55f2-4b4c-be94-d17b501ddecf,https://ballotpedia.org/Marquita_Bradshaw,"We should always be the beacon for families looking for better opportunities to find refuge from oppression, tyranny, violence, and prosecution."
Marquita Bradshaw,taxes,True,SURVEY_ORIGINAL,,2026,False,False,,,https://www.MarquitaBradshaw.com,full,1,[2026],874aed3c-ab25-45a6-bc54-57236f6f4c96,https://ballotpedia.org/Marquita_Bradshaw,"Restructure the regressive tax system to fairly tax all working Americans, removing the burden of income, sales & property taxes from the working population."
Matthew D. Klein,climate-change,True,CAMPAIGN_SITE,,2026,False,False,,"Matt Klein's campaign website (June 28, 2026)",https://www.kleinforcongress.com/,prefix60,1,[2026],86220544-2441-4853-9dac-f2a5b803a1ac,https://ballotpedia.org/Matt_Klein,"I know climate change is a crisis, and we have the means to address it now. As a member of the Senate Energy Committee, I supported our commitment to use 100% clean electricity sources in Minnesota by 2040."
Melissa Chaudhry,campaign-finance,True,SURVEY_ORIGINAL,,2024,True,False,,,https://www.VoteMelissa4Congress.com,full,1,[2024],c809956e-2aa7-4176-92fd-aa3cb32defef,https://ballotpedia.org/Melissa_Chaudhry,"I do not take money from defense contractors or AIPAC-aligned entities. I am not beholden to high-stake donors and so I'm capable of genuinely representing the people of CD9 in all our beautiful, rich diversity."
Melissa Chaudhry,climate-change,True,SURVEY_ORIGINAL,,2024,True,False,,,https://www.VoteMelissa4Congress.com,full,1,[2024],b198bd87-901a-4bf7-952b-8083d9fa9993,https://ballotpedia.org/Melissa_Chaudhry,"demilitarizing and decarbonizing, and countering the extreme momentum of the military-industrial complex and oil industry."
Michael Chiaradio,healthcare,True,CAMPAIGN_SITE,,2026,False,False,https://michaelachiaradio.com/issues/,,https://michaelachiaradio.com,full,1,[2026],cba0b4e8-7b5e-4d7b-9de7-626a6afc4ecd,https://ballotpedia.org/Michael_Chiaradio,Every American should have access to high quality preventive and curative healthcare at a low cost.
Michael Chiaradio,housing,True,CAMPAIGN_SITE,,2026,False,False,https://michaelachiaradio.com/issues/,,https://michaelachiaradio.com,full,1,[2026],abefb8cd-aedf-41ad-8767-b3c7c52fc78e,https://ballotpedia.org/Michael_Chiaradio,High housing costs have locked millions of Americans out of economic independence while many small towns have faded away.
Michael Chiaradio,immigration,True,CAMPAIGN_SITE,,2026,False,False,https://michaelachiaradio.com/issues/,,https://michaelachiaradio.com,full,1,[2026],bf4f867f-91ba-488d-9577-4204a01be0da,https://ballotpedia.org/Michael_Chiaradio,The United States can grow stronger through well-managed immigration but only if we first invest in the infrastructure to support it.
Michael Chiaradio,tariffs,True,CAMPAIGN_SITE,,2026,False,False,https://michaelachiaradio.com/issues/,,https://michaelachiaradio.com,full,1,[2026],48694805-5f31-4859-989f-1a488d67ef70,https://ballotpedia.org/Michael_Chiaradio,"When barriers like tariffs are imposed, they disrupt this natural process by raising costs and reducing incentives to trade."
Michael Chiaradio,taxes,True,CAMPAIGN_SITE,,2026,False,False,https://michaelachiaradio.com/issues/,,https://michaelachiaradio.com,full,1,[2026],a1f715e7-8a6e-48eb-a8a7-003f9b04482b,https://ballotpedia.org/Michael_Chiaradio,America needs a balanced tax plan that combines moderate ordinary income taxes with a corporate tax system that limits loopholes and remains competitive with other nations.
Michael McGarr,climate-change,True,SURVEY_ORIGINAL,,2026,False,False,,,https://mcgarr4congress.com,full+container,1,[2026],599a8d12-edd4-448c-8c09-60abecc85cd4,https://ballotpedia.org/Michael_McGarr,Preparing for and dealing with climate change. Weaning ourselves off fossil fuels.
Michael McGarr,fossil-fuels,True,SURVEY_ORIGINAL,,2026,False,False,,,https://mcgarr4congress.com,full+container,1,[2026],feb1a927-4ca4-4fd4-909c-0db893511025,https://ballotpedia.org/Michael_McGarr,Weaning ourselves off fossil fuels.
Michael McGarr,healthcare,True,SURVEY_ORIGINAL,,2026,False,False,,,https://mcgarr4congress.com,full+container,1,[2026],b6101c09-1a68-46a2-b44b-ce65549a8870,https://ballotpedia.org/Michael_McGarr,"Medicare for all, moving away from fossil fuels, Supreme Court reform (term limits), protecting and strengthening our farmers."
Nadia Milleron,campaign-finance,False,CAMPAIGN_SITE,,2024,True,False,https://nadiaforcongress.com/fight/,,https://nadiaforcongress.com/,full,1,[2024],67693580-677f-4705-adb1-acbe64d04607,https://ballotpedia.org/Nadia_Milleron,"He's taken the most money from big corporations and special interests of any member of the House of Representatives, then does their bidding in Washington."
Nadia Milleron,healthcare,False,CAMPAIGN_SITE,,2024,True,False,https://nadiaforcongress.com/fight/,,https://nadiaforcongress.com/,full,1,[2024],b07f25d3-7b25-4281-acf0-33557ccaa720,https://ballotpedia.org/Nadia_Milleron,"I will bring more doctors and other healthcare and mental health professionals to the district to solve the health care shortage crisis. In addition, with working families struggling to afford health care as costs for insurance and medical care skyrocket, I will fight to make health care accessible to all."
Nadia Milleron,tariffs,False,SURVEY_ORIGINAL,,2024,True,False,,,https://nadiaforcongress.com/,full,1,[2024],54004704-0a25-49eb-bfd0-5d0b8971e8a8,https://ballotpedia.org/Nadia_Milleron,"Richard Neal was crucial in accepting China into the World Trade Organization, offshoring thousands of jobs from our District. I will support efforts to bring manufacturing back to the U.S., creating high-paying jobs and boosting our economy."
Nicholas Kiswanto,campaign-finance,True,SURVEY_ORIGINAL,,2026,False,False,,,https://kiswanto2026.org,full,1,[2026],77de1980-eb41-46f1-bd0f-c4bdf9b3ff34,https://ballotpedia.org/Nicholas_Kiswanto,I believe money in politics works against the interests of everyday people.
Nicholas Kiswanto,civil-rights,True,SURVEY_ORIGINAL,,2026,False,False,,,https://kiswanto2026.org,full+container,1,[2026],0df55d83-78bb-42fd-8205-80a94de3b24c,https://ballotpedia.org/Nicholas_Kiswanto,I believe we are still living under the effects of racist policies of the past that were enabled by the wealth of those who profited from slave labor.
Nicholas Kiswanto,voting-rights,True,SURVEY_ORIGINAL,,2026,False,False,,,https://kiswanto2026.org,full+container,1,[2026],b09a152f-3d6b-4947-9de7-3a1bd411e154,https://ballotpedia.org/Nicholas_Kiswanto,We see attempts of voter suppression now with the Supreme Court's judgement against the Voting Rights Act and we see it in the SAVE Act.
Nik Sandman,healthcare,True,SURVEY_ORIGINAL,,2026,False,False,,,https://niksandman.com/,full,1,[2026],b6bd5278-0251-418e-8bd1-6f3561e83ed6,https://ballotpedia.org/Nik_Sandman,Everyone needs health care from time to time. The current set up is not delivering health care to us equitably and affordably.
Nik Sandman,medicare/aid,True,SURVEY_ORIGINAL,,2026,False,False,,,https://niksandman.com/,full,1,[2026],680925af-dfea-46ce-bbf7-8131f817bb4a,https://ballotpedia.org/Nik_Sandman,I favor extending medicare to all Americans in a way that preserves our freedom.
Nirav Sheth,immigration,True,SURVEY_ORIGINAL,,2026,False,False,,,,full,2,"[2026, 2024]",27473328-b82d-42d8-b6ec-8b73316de076,https://ballotpedia.org/Nirav_Sheth,"As a legal immigrant, I understand how imperative it is to keep the U.S. the beacon of hope for all of those seeking a better life. Legal immigration has been and will continue to be the only way for successful integration into our great nation."
Patrick Schmidt,healthcare,True,NOT_ON_PAGE,ABSENT,,,,,,,none,,,48eff3af-0d36-4e18-8f8b-9c824ec96929,https://ballotpedia.org/Patrick_Schmidt,Medicaid helps people get back to work
Rachel Hurley,campaign-finance,True,SURVEY_ORIGINAL,,2026,False,False,,,http://rachelfortn.com,full,1,[2026],cd8ed949-f12f-47c4-a364-7827372ed74f,https://ballotpedia.org/Rachel_Hurley,"I take no corporate PAC money. This campaign runs on individual donors, and the public ledger proves it."
Rachel Hurley,redistricting,True,SURVEY_ORIGINAL,,2026,False,False,,,http://rachelfortn.com,full,1,[2026],fe4503a4-f4be-4f96-a2db-0ccbc49d41cc,https://ballotpedia.org/Rachel_Hurley,"This district was drawn to be ignored. A three-day gerrymander split Memphis and stretched the seat across 17 counties, and I won't let it go quietly."
Richard Freudenberg,healthcare,True,SURVEY_ORIGINAL,,2026,False,False,,,https://votefreudenberg.com,full,1,[2026],322c797c-6621-4220-9eb2-c7b8498a2ff0,https://ballotpedia.org/Richard_Freudenberg,"That is why I support ""Medicare for all"". We pay into Medicare our whole lives while simultaneously paying for private insurance or living without useful insurance."
Richard Freudenberg,medicare/aid,True,SURVEY_ORIGINAL,,2026,False,False,,,https://votefreudenberg.com,full,1,[2026],8319f2e3-c7ec-4a71-aea6-9d395e77ac3a,https://ballotpedia.org/Richard_Freudenberg,I support expanding Medicaid to accommodate those individuals that cannot afford private insurance.
Robin Ficker,taxes,True,CAMPAIGN_SITE,,2022,True,False,https://cutmdsalestax2cents.com/,,https://voteficker.com/,full,1,[2022],b6a4fda7-2a95-4f59-943d-7aa13b3844b0,https://ballotpedia.org/Robin_Ficker,Cut the Maryland Sales Tax 2 Cents or $780/yr/household making MD the first state to ever cut its sales tax.
Ron Eller,taxes,True,SURVEY_ORIGINAL,,2024,True,False,,,https://www.VoteRonEller.com,full+container,1,[2024],a8160e3f-5c5f-436c-b23f-a50aec6655c0,https://ballotpedia.org/Ron_Eller,Inheritance tax is nothing more than a generational theft on the assets that have already been taxed and paid for by a family.
Sarah Zabel,ai-regulation,True,NOT_ON_PAGE,ABSENT,,,,,,,none,,,920564ad-b460-4eca-a40d-7880d3313597,https://ballotpedia.org/Sarah_Zabel_(Idaho),"The government needs to ensure transparency, so that people know when they are interacting with AI rather than a person... The government can ensure such transparency by establishing technical standards and legal accountability for their violation."
Sarah Zabel,misinformation,True,SURVEY_ORIGINAL,,2026,False,False,,,https://www.zabelforcongress.com,full+container,1,[2026],7f2c46c6-2fd6-4e7b-937e-da32fea4b23f,https://ballotpedia.org/Sarah_Zabel_(Idaho),They need to know when artifacts such as video or audio recordings are generated by AI.
Steve Parsons,social-security,True,CAMPAIGN_SITE,,2024,True,False,https://www.steveparsonslibertarian.com/platform,,http://steve-parsons.com/,full,1,[2024],518251dc-e5b8-412d-b2b8-2f3b05cd683b,https://ballotpedia.org/Steve_Parsons,Social Security is worst social program ever created in the U.S. It is based on a failed pyramid scheme.
Steve Parsons,tariffs,True,CAMPAIGN_SITE,,2024,True,False,https://www.steveparsonslibertarian.com/platform,,http://steve-parsons.com/,full,1,[2024],cb4605a2-c3ef-4d90-94a9-18f4e8ad4662,https://ballotpedia.org/Steve_Parsons,Eliminate trade tariffs
Suzie Byrd,healthcare,True,SURVEY_ORIGINAL,,2026,False,False,,,,full,1,[2026],624e11ca-b67f-4f6a-9bef-0822ab07170a,https://ballotpedia.org/Suzie_Byrd,healthcare for profit has ruined our healthcare
Suzie Byrd,taxes,True,SURVEY_ORIGINAL,,2026,False,False,,,,full,1,[2026],4be5d910-4e11-4611-8575-ede498263eb5,https://ballotpedia.org/Suzie_Byrd,$50 trillion of our wealth to the top 10 percent
Taylor Wright,tariffs,True,CAMPAIGN_SITE,,2026,False,False,,"Taylor Wright's campaign website (April 12, 2026)",http://wrightforutah.com/,full,1,[2026],7ca795a8-9dbc-497c-a542-e7b5a2281789,https://ballotpedia.org/Taylor_Wright,"Government should not distort markets or punish consumers through policies like tariffs. Free markets create innovation, opportunity, and prosperity."
Taylor Wright,ukraine-support,True,CAMPAIGN_SITE,,2026,False,False,,"Taylor Wright's campaign website (April 12, 2026)",http://wrightforutah.com/,full,1,[2026],8c8d3e37-2241-4041-b03d-b2277ce24c8a,https://ballotpedia.org/Taylor_Wright,"When governments try to reshape the world through military intervention, they waste trillions of dollars, create unintended consequences, and make our country less safe at home. A strong America defends itself when necessary but avoids unnecessary wars, focusing instead on free trade, diplomacy, and the prosperity that comes from minding our own business."
Thomas Lavigne,taxes,True,SURVEY_ORIGINAL,,2026,False,False,,,,full,1,[2026],4c9f4a1a-6d50-4e55-b81a-bc535935cc27,https://ballotpedia.org/Thomas_Lavigne,Restore the cap on municipality taxes to 2% annually.
Thomas Lavigne,trans-athletes,True,SURVEY_ORIGINAL,,2026,False,False,,,,full+container,1,[2026],e5fa1ee8-df98-4b83-afe9-2da6aaa7d530,https://ballotpedia.org/Thomas_Lavigne,No boys in Girls sports or locker rooms or restrooms
Tim Lanier,deportation,True,SURVEY_ORIGINAL,,2026,False,False,,,https://lanier4congress.com,full+container,1,[2026],5da27468-ea2a-49c9-8fca-59a03ec0e3bc,https://ballotpedia.org/Tim_Lanier,"Reducing the ICE budget and using that money for police, EMS personnel, and education."
Tim Lanier,housing,True,SURVEY_ORIGINAL,,2026,False,False,,,https://lanier4congress.com,full,1,[2026],dd0797d1-e087-4b72-86e0-47c835e4d1af,https://ballotpedia.org/Tim_Lanier,"Affordable and sustainable housing can be achieved if the Federal Government will attack the problem at the source, the lack of skilled workers in the construction industry. My legislation (B4 Act) will do just that by investing in construction workforce development and training."
Tim Lanier,school-vouchers,True,SURVEY_ORIGINAL,,2026,False,False,,,https://lanier4congress.com,full,1,[2026],f3e7495b-4f84-4b28-b3e8-fa0bc2f60cec,https://ballotpedia.org/Tim_Lanier,Eliminate School Vouchers.
Tim Lanier,social-security,True,SURVEY_ORIGINAL,,2026,False,False,,,https://lanier4congress.com,full,1,[2026],19389c2a-9798-42b0-940e-d8bac76996b4,https://ballotpedia.org/Tim_Lanier,Removing the Social Security cap.
Tim Lanier,ukraine-support,False,SURVEY_ORIGINAL,,2026,False,False,,,https://lanier4congress.com,full,1,[2026],f1abfcd6-a040-48ff-bd37-a3968e259fbe,https://ballotpedia.org/Tim_Lanier,We are the United States of America and we need to let every world leader know they cannot annex their neighbors on our watch. We must stand up to Russia and Putin specifically or communism will continue to spread.
Todd Warner,abortion,True,CAMPAIGN_SITE,,2026,False,False,,"Todd Warner's campaign website (June 29, 2026)",https://toddfortn.com/,full,1,[2026],8d1fa370-7a9c-46c3-bcd1-9ed237ee6121,https://ballotpedia.org/Todd_Warner,"He will vote to defund Planned Parenthood, ban late-term abortion, protect pregnancy resource centers, and stop the use of federal tax dollars to subsidize the abortion industry -- at home or abroad."
Todd Warner,deportation,True,CAMPAIGN_SITE,,2026,False,False,,"Todd Warner's campaign website (June 29, 2026)",https://toddfortn.com/,full,1,[2026],ae6fb44a-8ac0-43d5-b1f1-6026f79f3745,https://ballotpedia.org/Todd_Warner,"Todd will vote to fully fund and finish President Trump's border wall, end catch-and-release, defund every sanctuary city, deport criminal illegal aliens, and hold the cartels accountable as the foreign terrorist organizations they are."
Todd Warner,religious-freedom,True,CAMPAIGN_SITE,,2026,False,False,,"Todd Warner's campaign website (June 29, 2026)",https://toddfortn.com/,full,1,[2026],fed09c00-895a-4f93-b82b-5bf17059dc10,https://ballotpedia.org/Todd_Warner,"He will defend religious liberty against every government attempt to silence Christians, push radical gender ideology into our schools, or punish believers for living out their faith."
Todd Warner,school-vouchers,True,CAMPAIGN_SITE,,2026,False,False,,"Todd Warner's campaign website (June 29, 2026)",https://toddfortn.com/,full,1,[2026],1cdddaaa-f947-4b3a-b91c-6c4dc83338f2,https://ballotpedia.org/Todd_Warner,"He will vote to abolish the federal Department of Education, redirect those dollars to the states and to parents, and back universal school choice so every Tennessee family -- not just the wealthy -- can pick the school that's right for their kids."
Todd Warner,taxes,True,CAMPAIGN_SITE,,2026,False,False,,"Todd Warner's campaign website (June 29, 2026)",https://toddfortn.com/,full,1,[2026],b11f460f-34da-41e0-b34e-63aebedad880,https://ballotpedia.org/Todd_Warner,"He will vote to make the Trump tax cuts permanent, eliminate the death tax, slash federal regulations that strangle small business, and end the weaponization of the IRS against working Americans."
Tom Weiler,taxes,False,NOT_ON_PAGE,ABSENT,,,,,,,none,,,378d9247-e97e-48df-805a-2912e36e860a,https://ballotpedia.org/Tom_Weiler,Congress passed 4 federal government budgets on time 4 times in the last 48 years.
Tomas Scheel,campaign-finance,True,SURVEY_ORIGINAL,,2026,False,False,,,https://tomas4congress.com,full+container,1,[2026],9d42f4ee-976e-4a79-848a-fa866a360369,https://ballotpedia.org/Tomas_Scheel,"It is time to have an elected representative who is accountable to the people, not corporate PAC money."
Tomas Scheel,healthcare,True,SURVEY_ORIGINAL,,2026,False,False,,,https://tomas4congress.com,full,1,[2026],a51e084e-603a-41a2-948b-7303888b9bae,https://ballotpedia.org/Tomas_Scheel,"Pass legislation to build an efficient, cost-effective, patient-focused, physician-led universal single-payer healthcare system for which ALL Americans can participate in, regardless of ability to pay."
Tomas Scheel,housing,True,SURVEY_ORIGINAL,,2026,False,False,,,https://tomas4congress.com,full,1,[2026],030245c6-fff0-4baf-955e-310a5d5278eb,https://ballotpedia.org/Tomas_Scheel,"incentivize states with rent stability policies, ban short-term housing in communities with affordable housing shortages"
Troy Rasband,campaign-finance,True,SURVEY_ORIGINAL,,2026,False,False,,,https://www.troyrasband.com/,full,1,[2026],ab1e0702-5cd3-4581-bfc9-b6fc2cd5c071,https://ballotpedia.org/Troy_Rasband,elected officials must answer to the people they serve – not wealthy donors or special interests.
Troy Rasband,taxes,True,SURVEY_ORIGINAL,,2026,False,False,,,https://www.troyrasband.com/,full,1,[2026],8628f3c6-8365-47d0-a138-356b55dd5532,https://ballotpedia.org/Troy_Rasband,ensuring the wealthiest pay their fair share through measures like a wealth tax
Van Hilleary,fossil-fuels,False,CAMPAIGN_SITE,,2026,False,False,,"Van Hilleary's campaign website (May 29, 2026)",https://www.vanfortn.com/,full,1,[2026],b54e1848-c081-4f6f-9e4b-c73d6349ccc1,https://ballotpedia.org/Van_Hilleary,We are sitting on an ocean of energy and paying enemies to drill it for us. That's not a policy -- that's a navigational failure.
Victoria Broderick,abortion,False,NOT_ON_PAGE,ABSENT,,,,,,,none,,,8b3edff7-5786-4ab4-b8ea-c67f535e8e8a,https://ballotpedia.org/Victoria_Broderick,"Roe was overturned during my maternity leave, and I sprang into action."
Vince George,healthcare,True,SURVEY_ORIGINAL,,2026,False,False,,,,full,1,[2026],df61bde5-7c07-4d04-83ba-ee990605d71e,https://ballotpedia.org/Vince_George,Medicare For All &/or a single payer public option in which no person is left without health & medical coverage.
Vince George,social-security,True,SURVEY_ORIGINAL,,2026,False,False,,,,full,1,[2026],5311b5d2-f774-4683-994e-0487b38dad84,https://ballotpedia.org/Vince_George,"More than doubling the Federal minimum wage to at least $15 per hour for all workers, expansion of eligibility & benefits for Social Security participants."
Vincent Dixie,healthcare,False,SURVEY_ORIGINAL,,2025,True,False,,,http://dixie4tn.com,full,1,[2025],2049b223-9362-4fb2-b2ad-0d962791b8d3,https://ballotpedia.org/Vincent_Dixie,Hospitals are closing and access to quality healthcare shouldn't depend on your bank account or your zip code. I've seen firsthand how broken the system is -- from my own family's battles with diabetes and cancer.
Vincent Dixie,housing,False,SURVEY_ORIGINAL,,2026,False,False,,,http://dixie4tn.com,full,2,"[2026, 2025]",eb4d5963-cd10-4777-9d4e-42c76c9eab68,https://ballotpedia.org/Vincent_Dixie,Families in Tennessee are getting priced out of the neighborhoods they grew up in while Wall Street hedge funds buy up entire blocks of homes. That's not a free market -- that's a rigged game.
Vincent Dixie,medicare/aid,True,SURVEY_ORIGINAL,,2025,True,False,,,http://dixie4tn.com,full,1,[2025],4137b05a-6894-4b35-95e6-8d6ee48f4591,https://ballotpedia.org/Vincent_Dixie,"I'll work to lower drug costs, protect Medicare and Medicaid, and expand coverage so nobody goes bankrupt just because they get sick."
Wendell S. Walker,abortion,True,SURVEY_ORIGINAL,,2019,True,False,,,https://www.wendellwalker.org/,full+container,1,[2019],6037c879-669e-4df9-ae42-d12865c4f61f,https://ballotpedia.org/Wendell_Walker,"I am pro-life and pro family, and believe life begins at conception and ends at natural death."
